City,Country,Date,Latitude,Longitude,Temperature (F),Humidity (%),Cloudiness (%),Wind Speed (mph)
mokhsogollokh,RU,1562695967,61.4,128.95,63.16,98,100,2.62
ushuaia,AR,1562695967,-54.81,-68.31,36.63,100,90,9.17
langsa,ID,1562695967,4.47,97.97,69.28,96,42,1.34
carnarvon,ZA,1562695968,-30.97,22.13,55.96,37,0,6.85
atuona,PF,1562695968,-9.8,-139.03,80.26,73,26,12.1
hobart,AU,1562695968,-42.88,147.33,49.96,57,75,10.29
yar-sale,RU,1562695969,66.83,70.83,52.18,60,100,2.68
new norfolk,AU,1562695969,-42.78,147.06,49.96,57,75,10.29
bluff,AU,1562695969,-23.58,149.07,57.4,95,10,1.28
kaduy,RU,1562695970,59.2,37.15,57.2,93,40,3.62
fort nelson,CA,1562695970,58.81,-122.69,59,62,40,4.7
alofi,NU,1562695970,-19.06,-169.92,75.2,94,31,6.93
sao gabriel da cachoeira,BR,1562695970,-0.13,-67.09,75.2,94,90,3.36
punta arenas,CL,1562695971,-53.16,-70.91,37.27,100,90,4.7
puerto ayora,EC,1562695971,-0.74,-90.35,74.86,69,75,17.22
manta,RO,1562695971,45.1,24.1,61.54,81,92,3.22
mataura,NZ,1562695971,-46.19,168.86,39,97,98,1.99
iqaluit,CA,1562695972,63.75,-68.52,70.34,46,20,10.29
maniitsoq,GL,1562695972,65.42,-52.9,45.34,82,100,0.85
hilo,US,1562695972,19.71,-155.08,73.69,88,90,5.82
tabuk,PH,1562695972,17.41,121.44,61.72,95,96,2.08
hermanus,ZA,1562695972,-34.42,19.24,57,87,0,8.5
norman wells,CA,1562695973,65.28,-126.83,60.8,59,40,5.82
verkhoyansk,RU,1562695973,67.55,133.39,58.66,85,4,3.22
bonavista,CA,1562695973,48.65,-53.11,56.5,82,100,10.54
khatanga,RU,1562695973,71.98,102.47,47.5,92,100,5.32
atambua,ID,1562695974,-9.11,124.89,75.76,69,22,12.71
nanortalik,GL,1562695974,60.14,-45.24,47.5,67,100,7.52
qaanaaq,GL,1562695974,77.48,-69.36,39.4,88,100,2.89
san quintin,PH,1562695974,17.54,120.52,75.22,90,96,3.2
manicore,BR,1562695974,-5.81,-61.3,81.7,60,84,1.43
peniche,PT,1562695975,39.36,-9.38,73.17,64,0,13.87
ozernovskiy,RU,1562695975,51.5,156.52,41.74,96,91,2.93
pisco,PE,1562695975,-13.71,-76.2,67.87,30,90,5.82
sitka,US,1562695975,37.17,-99.65,81,75,0,6.55
mount gambier,AU,1562695975,-37.83,140.78,46.4,93,76,13.87
sioux lookout,CA,1562695684,50.1,-91.92,68,94,90,3.36
clyde river,CA,1562695976,70.47,-68.59,51.8,71,20,10.29
tasiilaq,GL,1562695976,65.61,-37.64,46.4,70,40,6.93
san patricio,PY,1562695976,-26.98,-56.83,69.82,63,0,4.94
barrow,AR,1562695977,-38.31,-60.23,59.56,52,0,6.24
bayburt,TR,1562695977,40.26,40.22,49.12,93,28,8.32
lata,IN,1562695977,30.78,78.62,46.96,95,93,1.52
provideniya,RU,1562695977,64.42,-173.23,66.22,37,0,6.02
bredasdorp,ZA,1562695977,-34.53,20.04,57.2,82,0,3.36
inverell,AU,1562695978,-29.78,151.11,33.98,91,0,1.99
vermillion,US,1562695978,42.78,-96.93,81.1,61,40,13.87
salinas,US,1562695925,36.67,-121.66,64.87,68,1,4.7
byron bay,AU,1562695978,-28.65,153.62,50.76,100,0,2.53
port elizabeth,US,1562695979,39.31,-74.98,84.31,61,75,6.17
rikitea,PF,1562695979,-23.12,-134.97,73.6,84,31,17.54
lasa,CY,1562695979,34.92,32.53,80.4,88,0,8.05
tekirdag,TR,1562695979,40.98,27.51,82.13,45,75,5.82
pangnirtung,CA,1562695979,66.15,-65.72,51.8,87,75,11.41
vao,EE,1562695980,59.1,26.19,57.22,77,100,9.91
east london,ZA,1562695765,-33.02,27.91,59,87,20,4.7
albany,US,1562695980,42.65,-73.75,81.97,44,1,6.89
chicama,PE,1562695980,-7.84,-79.15,64.4,88,90,8.05
sorland,NO,1562695980,67.67,12.69,57.63,93,20,12.75
jamestown,AU,1562695981,-33.21,138.6,48.04,61,0,13.58
cerritos,US,1562695973,33.86,-118.05,73.02,64,40,9.17
banff,CA,1562695876,51.18,-115.57,57,81,2,8.01
kodiak,US,1562695981,39.95,-94.76,86.36,28,1,12.75
arraial do cabo,BR,1562695981,-22.97,-42.02,73.4,53,20,9.17
kapuskasing,CA,1562695982,49.42,-82.43,82.4,28,40,10.29
kendari,ID,1562695982,-3.99,122.52,69.82,97,11,1.68
krasnyy yar,RU,1562695982,50.7,44.73,62.62,75,39,9.6
bayir,TR,1562695982,37.27,28.22,85.19,54,0,10.29
ishimbay,RU,1562695982,53.45,56.04,67.84,70,17,10.16
itaituba,BR,1562695983,-4.26,-55.99,86,66,40,4.97
pijao,CO,1562695983,4.33,-75.7,79.57,61,40,5.82
mount isa,AU,1562695983,-20.73,139.49,66.2,45,90,14.99
flinders,AU,1562695983,-34.58,150.85,45.37,75,7,11.41
teya,MX,1562695984,21.05,-89.07,92.84,59,75,10.29
turukhansk,RU,1562695984,65.8,87.96,51.82,81,100,2.75
lorengau,PG,1562695984,-2.02,147.27,77.92,84,99,5.82
ancud,CL,1562695984,-41.87,-73.83,51.8,93,90,14.99
cocobeach,GA,1562695984,1.01,9.58,78.8,78,40,8.05
antofagasta,CL,1562695985,-23.65,-70.4,59,67,75,10.29
isla vista,US,1562695844,34.41,-119.86,67.77,60,35,6.22
grand gaube,MU,1562695985,-20.01,57.66,72.48,88,40,3.36
srednekolymsk,RU,1562695985,67.46,153.71,66.94,46,78,7.49
san lazaro,BZ,1562695985,18.04,-88.66,86,74,75,8.05
nemuro,JP,1562695986,43.32,145.57,51.28,93,41,12.62
hojai,IN,1562695986,26,92.85,74.32,99,100,4.27
kavaratti,IN,1562695986,10.57,72.64,83.68,80,100,17.81
council bluffs,US,1562695986,41.26,-95.86,82.47,83,20,12.75
moron,HT,1562695987,18.56,-74.26,83.14,68,100,3.67
paraiso,BR,1562695987,-0.03,-51.17,87.8,66,75,9.17
port alfred,ZA,1562695987,-33.59,26.89,59,91,0,1.99
hvide sande,DK,1562695987,56.01,8.13,62.4,64,34,13.87
kapaa,US,1562695988,22.08,-159.32,79.92,83,90,12.75
palu,ID,1562695988,-0.9,119.87,73.06,94,52,4.23
chuy,UY,1562695988,-33.69,-53.46,56.14,69,87,5.12
poronaysk,RU,1562695988,49.22,143.1,47.14,87,86,6.78
hamilton,CA,1562695727,43.26,-79.87,79.47,44,90,2.24
vila franca do campo,PT,1562695989,37.72,-25.43,69.8,83,20,6.93
yulara,AU,1562695989,-25.24,130.99,42.8,48,0,3.36
shimoda,JP,1562695989,34.7,138.93,63.54,84,26,3
dikson,RU,1562695989,73.51,80.55,32.74,97,100,9.89
lavrentiya,RU,1562695989,65.58,-170.99,63.7,36,5,5.79
amga,RU,1562695990,60.89,131.98,61.9,98,95,2.82
elizabeth city,US,1562695990,36.3,-76.22,82.29,51,1,11.41
thompson,CA,1562695991,55.74,-97.86,69.8,46,40,6.93
longyearbyen,NO,1562695991,78.22,15.63,48.2,81,0,10.29
agua branca,BR,1562695991,-5.89,-42.63,89.8,39,0,8.01
ilulissat,GL,1562695991,69.22,-51.1,51.8,57,20,5.82
touros,BR,1562695992,-5.2,-35.46,84.2,58,40,14.99
black river,JM,1562695992,18.03,-77.85,84.9,62,20,17.22
mehamn,NO,1562695992,71.03,27.85,45.28,93,75,10.29
samana,EC,1562695992,0.12,-76.97,74.48,83,75,2.24
koboko,UG,1562695992,3.41,30.96,66.04,97,22,3.42
kathu,ZA,1562695993,-27.7,23.05,51.01,56,0,5.77
oxbow,CA,1562695993,49.23,-102.17,60.91,100,90,12.75
port hedland,AU,1562695993,-20.31,118.58,59,72,2,6.93
haines junction,CA,1562695993,60.75,-137.51,66.4,36,73,1.68
pevek,RU,1562695994,69.7,170.27,49.3,66,96,7.49
lagoa,PT,1562695994,37.14,-8.45,71.69,73,0,12.75
yemtsa,RU,1562695994,63.06,40.33,56.68,66,18,8.55
ngozi,BI,1562695994,-2.91,29.82,60.46,93,55,0.85
caceres,CO,1562695995,5.53,-74.53,77.92,57,89,4.23
datong,CN,1562695995,40.09,113.3,60.64,75,50,1.97
doha,QA,1562695761,25.29,51.53,100.18,13,0,11.41
daru,PG,1562695995,-9.07,143.21,74.5,87,97,6.42
victoria,BN,1562695995,5.28,115.24,75.09,94,75,3.36
kopervik,NO,1562695996,59.28,5.31,56.21,76,75,11.41
ambilobe,MG,1562695996,-13.19,49.05,73.96,78,7,5.44
zhuhai,CN,1562695996,40.71,112.04,62.6,72,0,4.47
atasu,KZ,1562695997,48.68,71.64,67.12,52,37,6.26
cidreira,BR,1562695997,-30.17,-50.22,63.88,57,86,6.49
nagua,DO,1562695997,19.37,-69.85,88.59,70,40,16.11
seguela,CI,1562695997,7.96,-6.67,77.2,90,55,4.76
vaini,IN,1562695998,15.34,74.49,77.92,86,100,8.97
faanui,PF,1562695998,-16.48,-151.75,77.56,80,17,16.26
sur,OM,1562695998,22.57,59.53,87.28,55,46,11.7
anloga,GH,1562695998,5.79,0.9,78.8,83,20,13.87
busselton,AU,1562695999,-33.64,115.35,54.28,62,45,16.75
esperance,AU,1562695999,-33.86,121.89,50,87,40,13.87
gorontalo,ID,1562695999,0.54,123.06,72.7,93,98,3.02
saint anthony,US,1562695999,43.97,-111.68,65.57,52,1,3.11
saint george,GR,1562695999,39.45,22.34,86.81,48,40,16.11
saldanha,PT,1562696000,41.42,-6.55,82.24,33,61,4.5
nalut,LY,1562696000,31.86,10.98,99.16,11,0,8.39
zhangjiakou,CN,1562696000,40.77,114.88,57.76,79,99,3.56
ukiah,US,1562695765,39.15,-123.21,69.91,49,1,3.36
vargashi,RU,1562696000,55.36,65.85,58.3,86,0,5.39
dakoro,NE,1562696001,14.51,6.76,88.9,40,67,2.8
cortez,US,1562696001,37.35,-108.58,74.25,14,1,3.36
severo-kurilsk,RU,1562696001,50.68,156.12,43,91,49,11.16
souillac,FR,1562696001,45.6,-0.6,80.44,24,0,14.99
sambava,MG,1562696002,-14.27,50.17,67.48,94,19,1.88
kawalu,ID,1562696002,-7.38,108.21,64.78,89,62,4.16
ahipara,NZ,1562696002,-35.17,173.16,57.76,71,70,11.1
sampit,ID,1562696002,-2.54,112.95,71.44,99,33,1.92
bethel,US,1562696003,60.79,-161.76,63.5,100,90,10.29
saint-philippe,CA,1562696003,45.36,-73.48,83.95,40,1,3.36
pemberton,AU,1562696003,-34.44,116.03,53.01,96,21,4.68
north bend,US,1562696003,43.41,-124.22,63.54,77,40,3.36
dinan,FR,1562696004,48.45,-2.05,70.77,60,0,13.87
sarevere,EE,1562696004,58.79,25.43,54,94,78,1.01
nikolskoye,RU,1562696004,59.7,30.79,56.53,76,90,6.71
isangel,VU,1562696004,-19.55,169.27,70.72,60,47,16.93
kungurtug,RU,1562696005,50.6,97.53,51.28,81,1,3.4
batemans bay,AU,1562696005,-35.71,150.18,37.81,91,0,4
half moon bay,US,1562696005,37.46,-122.43,63.36,87,75,4.7
los llanos de aridane,ES,1562696005,28.66,-17.92,70.18,73,40,14.99
towada,JP,1562696005,40.61,141.21,56.55,100,75,2.24
yarensk,RU,1562696006,62.17,49.09,57.58,77,100,6.62
prokopyevsk,RU,1562696006,53.89,86.74,60.1,83,0,2.57
ostersund,SE,1562696006,63.18,14.64,64.4,42,0,5.82
kruisfontein,ZA,1562696006,-34,24.73,53.26,87,0,4.59
nome,US,1562696007,30.04,-94.42,92.25,63,1,5.82
omsukchan,RU,1562696007,62.53,155.8,50.38,67,0,3.47
castro,CL,1562696007,-42.48,-73.76,51.8,93,90,14.99
meulaboh,ID,1562696007,4.14,96.13,81.7,79,44,9.44
serro,BR,1562696007,-18.6,-43.38,64.06,53,25,6.64
mahebourg,MU,1562695715,-20.41,57.7,72.14,88,40,3.36
nzega,TZ,1562696008,-4.22,33.19,72.88,48,59,3
yellowknife,CA,1562695890,62.45,-114.38,53.31,66,75,14.99
takoradi,GH,1562696008,4.89,-1.75,75.22,84,100,6.73
suicheng,CN,1562696009,33.9,117.93,70.36,79,92,2.8
dawei,MM,1562696009,14.07,98.19,83.14,75,100,9.64
lompoc,US,1562695958,34.64,-120.46,63.99,72,75,5.82
vera cruz,BR,1562696009,-12.96,-38.61,78.8,61,75,16.11
luganville,VU,1562696009,-15.51,167.18,66.94,95,100,3.62
quelimane,MZ,1562696010,-17.88,36.89,71.6,78,20,2.24
najran,SA,1562696010,17.54,44.22,98.6,13,40,9.17
namatanai,PG,1562696010,-3.66,152.44,77.74,75,98,8.41
ambanja,MG,1562696010,-13.68,48.45,80.44,72,35,5.08
embu,KE,1562696010,-0.54,37.46,59.38,86,82,2.17
tiksi,RU,1562696011,71.64,128.87,52,89,37,10.89
noumea,NC,1562696011,-22.28,166.46,53.6,93,0,2.24
brokopondo,SR,1562696011,5.06,-54.98,87.8,62,75,5.82
porto belo,BR,1562696012,-27.15,-48.54,69.15,60,20,9.17
avarua,CK,1562696012,-21.21,-159.78,74.14,83,0,11.16
coolum beach,AU,1562696012,-26.53,153.09,54.95,94,0,2.39
dingle,PH,1562696012,11,122.67,74.32,87,60,1.43
anadyr,RU,1562696013,64.73,177.51,61.34,67,0,2.13
kahului,US,1562696013,20.89,-156.47,77.88,69,40,9.17
ponta do sol,BR,1562696013,-20.63,-46,71.62,35,0,3.22
san cristobal,HN,1562696013,14.68,-86.92,84.76,49,88,7.85
walvis bay,NA,1562696014,-22.95,14.51,73.81,20,0,4.7
lanzhou,CN,1562696014,36.06,103.82,51.8,100,0,4.47
butaritari,KI,1562696014,3.07,172.79,84.04,71,20,3.65
airai,TL,1562696014,-8.93,125.41,67.3,74,14,4.9
richards bay,ZA,1562696015,-28.77,32.06,71.08,61,0,6.17
chokurdakh,RU,1562696015,70.62,147.9,63.7,53,77,5.82
avera,US,1562696015,33.19,-82.53,88.79,83,75,6.93
hasaki,JP,1562696015,35.73,140.83,62.55,93,75,6.93
mandalgovi,MN,1562696016,45.76,106.27,68.56,33,82,9.1
jumla,NP,1562696016,29.28,82.18,57.04,96,80,2.71
broome,GB,1562696016,52.47,1.45,64.67,72,40,8.05
makakilo city,US,1562696016,21.35,-158.09,80.06,94,20,4.7
ostrovnoy,RU,1562696017,68.05,39.51,40.84,96,97,14.45
hammerfest,NO,1562696017,70.66,23.68,48.2,81,20,13.87
madras,US,1562696017,44.63,-121.13,70.39,49,1,5.37
saskylakh,RU,1562696017,71.97,114.09,61.18,72,17,10.09
iracoubo,GF,1562696018,5.48,-53.21,84.04,69,13,7.56
ailigandi,PA,1562696018,9.23,-78.02,81.52,73,94,5.73
ambam,CM,1562696018,2.38,11.27,68.92,98,75,3.98
deputatskiy,RU,1562696018,69.3,139.9,57.94,89,23,2.24
port lincoln,AU,1562696018,-34.72,135.86,60.64,73,0,24.83
lander,US,1562696019,42.83,-108.73,64.89,35,1,18.34
hobbs,US,1562695956,32.7,-103.14,97.25,10,1,12.75
vila do maio,CV,1562696019,15.13,-23.22,84.2,51,20,14.99
juruti,BR,1562696019,-2.16,-56.09,89.8,54,49,4.85
taltal,CL,1562696020,-25.41,-70.49,56.5,77,15,5.93
labuhan,ID,1562696020,-2.54,115.51,72.52,91,78,1.92
promyshlennyy,RU,1562696020,67.58,63.92,42.82,85,100,9.01
hovd,NO,1562696020,63.83,10.7,57.27,67,0,6.93
bambous virieux,MU,1562696020,-20.34,57.76,72.23,88,40,3.36
kijang,KR,1562696021,35.24,129.21,69.8,73,0,8.05
paita,PE,1562696021,-5.09,-81.11,62.6,290,0,18.34
sanchor,IN,1562696021,24.76,71.77,87.82,62,100,23.06
aosta,IT,1562696021,45.74,7.32,72.07,61,52,6.93
georgetown,GY,1562696022,6.8,-58.16,84.2,79,75,3.36
laguna,BZ,1562696022,16.17,-88.94,86,74,40,9.17
tsiroanomandidy,MG,1562696022,-18.77,46.05,66.22,60,94,1.88
rawson,AR,1562696022,-43.3,-65.11,56.68,48,0,12.91
husavik,CA,1562696023,50.56,-96.99,73.94,64,100,3.87
mar del plata,AR,1562696023,-46.43,-67.52,50.56,58,0,10.69
xique-xique,BR,1562696023,-10.82,-42.73,78.1,51,0,2.64
puerto escondido,MX,1562696023,15.86,-97.07,87.8,62,75,9.17
cape town,ZA,1562695980,-33.93,18.42,56.59,40,0,5.39
barra patuca,HN,1562696024,15.8,-84.28,82.78,78,29,15.23
hofn,IS,1562696024,64.25,-15.21,37.6,91,100,1.92
palmares do sul,BR,1562696024,-30.26,-50.51,71.01,60,65,1.99
pingliang,CN,1562696024,35.54,106.68,50.74,86,0,3.94
sakaiminato,JP,1562696025,35.55,133.23,73.4,88,75,6.93
ribeira grande,PT,1562696025,38.52,-28.7,75.2,83,40,12.75
bone,DE,1562696025,51.97,12.14,62.17,51,0,10.29
vichuga,RU,1562696025,57.22,41.92,53.62,98,100,3.89
saint-augustin,CA,1562696026,45.63,-73.98,83.79,39,75,8.05
kieta,PG,1562696026,-6.22,155.63,79.18,77,97,3.27
magadi,IN,1562696026,12.96,77.22,74.43,94,40,16.11
ende,ID,1562696026,-8.84,121.65,76.66,74,18,6.71
porto san giorgio,IT,1562695801,43.18,13.79,71.87,94,40,11.41
kaitangata,NZ,1562696027,-46.28,169.85,39.99,80,99,1.99
laives,FR,1562696027,46.65,4.85,74.95,31,0,17.22
vastseliina,EE,1562696027,57.73,27.29,60.8,77,20,6.71
hay river,CA,1562696027,60.82,-115.79,53.6,71,75,11.41
torbay,CA,1562695986,47.66,-52.73,74.26,43,75,20.8
hithadhoo,MV,1562696028,-0.6,73.08,84.04,74,3,11.3
nouakchott,MR,1562696028,18.08,-15.98,80.6,65,0,21.92
wanaka,NZ,1562696028,-44.7,169.14,34,97,100,2.08
owando,CG,1562696029,-0.49,15.91,79,65,82,2.17
mamlyutka,KZ,1562696029,54.94,68.54,62.6,77,20,4.47
buin,CL,1562696029,-33.73,-70.74,53.19,81,45,4.7
pochutla,MX,1562696029,15.74,-96.47,87.57,66,75,8.05
poum,MK,1562696030,41.28,20.71,78.8,47,75,9.17
cabo san lucas,MX,1562695906,22.89,-109.91,90.48,31,5,8.05
wum,CM,1562696030,6.39,10.08,65.68,99,100,3.62
geraldton,CA,1562696030,49.72,-86.95,80.6,54,40,11.41
marolambo,MG,1562696030,-20.05,48.13,63.7,99,99,1.59
beyneu,KZ,1562696031,45.32,55.19,94.3,16,17,4.83
victor harbor,AU,1562696031,-35.55,138.62,49.68,71,0,12.75
coquimbo,CL,1562696031,-29.95,-71.34,63.59,67,90,10.29
ca mau,VN,1562696031,9.18,105.15,78.82,88,37,3.2
husainabad,IN,1562696031,24.53,84.02,81.88,74,100,11.95
hobyo,SO,1562696032,5.35,48.53,78.46,73,100,25.84
upernavik,GL,1562696032,72.79,-56.15,41.38,86,46,20.18
borzya,RU,1562696032,50.39,116.53,60.64,67,5,0.85
bud,NO,1562696032,62.91,6.91,60.21,82,20,16.11
carmo do paranaiba,BR,1562695807,-19,-46.32,75.99,42,0,4
taksimo,RU,1562696033,56.36,114.84,53.44,73,0,3.27
mus,FR,1562696033,43.74,4.2,74.66,94,79,3.36
clayton,US,1562696033,37.94,-121.94,63.72,52,1,20.8
willowmore,ZA,1562696034,-33.3,23.49,51.64,67,0,1.32
aksarka,RU,1562696034,66.56,67.8,51.82,59,95,6.6
manado,ID,1562696034,1.49,124.85,73.4,94,20,2.24
chimore,BO,1562696034,-16.98,-65.13,79.72,47,0,4.18
fortuna,US,1562695912,40.6,-124.16,66.96,68,1,3.36
vanimo,PG,1562696035,-2.67,141.3,80.62,77,41,5.08
raduzhnyy,RU,1562696035,62.1,77.47,53.08,70,68,10.02
vanavara,RU,1562696035,60.35,102.28,56.86,70,29,2.06
nianzishan,CN,1562696035,47.51,122.88,65.14,89,97,1.57
vardo,US,1562696035,39.62,-77.74,83.25,58,40,3.36
gweru,ZW,1562696036,-19.46,29.82,59.56,43,0,12.5
sao filipe,CV,1562696036,14.9,-24.5,73.24,83,68,18.61
novaya lyalya,RU,1562696036,59.05,60.6,61.18,70,92,4.41
la paz,MX,1562695948,24.15,-110.32,93.63,26,5,9.17
igarka,RU,1562696036,67.47,86.57,48.22,74,38,8.14
pavilosta,LV,1562696037,56.89,21.19,59,82,97,6.93
mino,JP,1562696037,35.54,136.91,71.47,78,69,2.73
ust-tsilma,RU,1562696037,65.44,52.15,49.12,68,77,4.83
kindu,CD,1562696037,-2.95,25.92,73.42,84,55,3.06
namibe,AO,1562696038,-15.19,12.15,68.02,88,46,9.62
wajir,KE,1562696038,1.75,40.07,89.6,40,20,4.7
dale,CN,1562696038,24.09,109.99,72.34,92,100,1.95
bikaner,IN,1562696039,28.02,73.32,96.46,38,0,21.97
rorvik,NO,1562696039,64.86,11.24,53.42,81,75,8.05
berlevag,NO,1562696039,70.86,29.09,44.6,87,75,9.17
along,IN,1562696039,28.17,94.8,59.56,98,100,2.06
mayor pablo lagerenza,PY,1562696039,-19.93,-60.77,89.26,29,0,15.73
havoysund,NO,1562696040,71,24.66,47.14,81,20,13.87
mogadishu,SO,1562696040,2.04,45.34,77.02,85,66,13.73
vilhena,BR,1562695937,-12.74,-60.15,84.2,37,0,9.17
krutinka,RU,1562696040,56.01,71.51,56.14,96,1,7.56
copiapo,CL,1562696041,-27.37,-70.33,57.2,71,75,4.7
arlit,NE,1562696041,18.74,7.39,101.14,17,2,2.95
kibara,TZ,1562695903,-2.15,33.45,75.2,78,20,11.41
payo,ID,1562696041,-3.75,103.64,67.3,97,48,2.73
atar,MR,1562696041,20.52,-13.05,109.96,7,0,15.1
omboue,GA,1562696042,-1.57,9.26,72.52,88,82,8.68
te anau,NZ,1562696042,-45.41,167.72,42.28,95,100,4.83
mercedes,UY,1562696042,-33.25,-58.03,66.99,53,100,1.01
picota,PE,1562696043,-6.92,-76.33,72.75,290,40,3.36
rexburg,US,1562696043,43.82,-111.79,65.53,52,1,3.11
narsaq,GL,1562696043,60.91,-46.05,66.2,24,75,17.22
washington,US,1562695786,38.9,-77.04,84.29,54,1,3.36
bethal,ZA,1562696043,-26.46,29.47,52.47,50,0,2.98
portland,US,1562695851,43.66,-70.25,83.28,32,40,11.41
constitucion,MX,1562696044,23.99,-104.67,70.7,56,20,7.25
leningradskiy,RU,1562696044,69.38,178.42,50.2,74,26,10.51
cornereva,RO,1562696044,45.06,22.42,58.3,76,99,2.95
buraydah,SA,1562696045,26.33,43.97,96.8,20,0,11.41
miquelon,PM,1562696045,47.1,-56.38,60.91,67,0,16.11
nelson bay,AU,1562696045,-32.72,152.14,46.38,87,2,10.29
mount pleasant,US,1562696045,33.16,-94.97,89.94,46,1,6.93
chumikan,RU,1562696045,54.72,135.31,45.7,94,100,1.34
carora,VE,1562696046,10.17,-70.08,85.3,57,100,1.79
talnakh,RU,1562696046,69.49,88.39,48.2,87,75,11.18
sabzevar,IR,1562696046,36.21,57.68,84.22,21,65,7.09
smidovich,RU,1562696046,48.6,133.81,65.5,96,85,5.93
liverpool,GB,1562695825,53.41,-2.98,63.09,67,75,1.12
qaqortoq,GL,1562696047,60.72,-46.03,66.2,24,75,17.22
broken hill,AU,1562696047,-31.97,141.45,48.2,66,0,6.93
margate,AU,1562696047,-43.03,147.26,49.95,57,75,10.29
inongo,CD,1562696047,-1.93,18.29,84.58,41,90,2.66
tautira,PF,1562696048,-17.73,-149.15,75.27,83,20,2.24
santa lucia,IT,1562696048,41.98,12.66,83.41,58,0,10.29
wanning,AT,1562696048,48.64,13.53,65.66,37,40,12.75
manjeshwar,IN,1562696048,12.72,74.89,71.6,94,75,4.7
taoudenni,ML,1562696048,22.68,-3.98,113.74,7,25,4.94
arkhangelsk,RU,1562696049,64.54,40.54,59,62,40,4.47
udachnyy,RU,1562696049,66.42,112.4,59,62,0,6.71
luena,AO,1562696049,-11.78,19.91,56.32,29,37,2.15
severnoye,RU,1562696049,54.09,52.54,61.9,91,97,14.5
krasnokamensk,RU,1562696050,50.1,118.04,63.16,61,47,2.42
genhe,CN,1562696050,50.78,121.52,55.06,93,77,1.59
sao desiderio,BR,1562696050,-12.36,-44.97,83.32,33,24,8.75
vila velha,BR,1562696050,-3.71,-38.6,83.32,58,20,17.22
ahome,MX,1562696050,25.92,-109.18,94.6,32,5,13.87
virbhadra,IN,1562696051,30.07,78.28,79.54,86,14,14.12
tuktoyaktuk,CA,1562696051,69.44,-133.03,51.8,81,75,4.7
nsoko,ZA,1562696051,-27.07,31.93,66.29,49,0,3.36
takaka,NZ,1562696052,-40.86,172.81,42.48,86,100,1.99
sinjai,ID,1562695867,-5.12,120.25,66.94,98,65,3.02
dunedin,NZ,1562695858,-45.87,170.5,48.99,81,100,11.99
viedma,AR,1562696052,-40.81,-62.99,61.36,44,0,7.94
canico,PT,1562696053,32.63,-16.85,69.98,60,40,12.75
shingu,JP,1562696053,33.72,135.99,63.88,97,91,2.21
graaff-reinet,ZA,1562696053,-32.25,24.53,59.74,35,0,1.66
jurm,AF,1562695864,36.86,70.83,64.96,33,0,2.86
jizan,SA,1562696053,16.89,42.56,95,56,16,10.29
muros,ES,1562696054,42.77,-9.06,70.54,77,0,12.75
gemena,CD,1562696054,3.25,19.78,72.52,95,100,3.42
aracatuba,BR,1562696054,-21.21,-50.43,77.02,46,0,6.53
lebu,ET,1562696054,8.96,38.73,59.92,82,37,0.31
sainte-marie,CA,1562696055,46.45,-71.03,78.94,34,75,6.93
plouzane,FR,1562696055,48.38,-4.62,72.55,40,0,11.41
onega,RU,1562696055,63.91,38.09,53.44,69,100,12.75
yatou,CM,1562696055,3.63,9.81,80.6,88,40,4.7
zemio,CF,1562696056,5.02,25.13,72.34,90,68,1.52
fairbanks,US,1562695963,64.84,-147.72,70.59,56,40,2.44
alexandria,RO,1562696051,43.97,25.33,78.01,50,97,3.38
hailun,CN,1562696056,47.46,126.97,66.4,93,100,5.39
minusinsk,RU,1562696056,53.7,91.7,62.6,88,0,1.23
kiunga,PG,1562696057,-6.12,141.3,70.36,99,100,2.39
katsuura,JP,1562696057,33.93,134.5,72.18,88,75,4.7
ngawen,ID,1562696057,-7.02,111.3,69.1,85,50,6.73
bom jesus,BR,1562696057,-5.99,-35.58,84.2,58,40,14.99
kindersley,CA,1562696057,51.47,-109.16,67.06,59,75,12.75
beaumont,US,1562695770,30.09,-94.1,90.86,63,1,5.82
khandyga,RU,1562696058,62.65,135.58,60.46,70,98,5.3
tuatapere,NZ,1562696058,-46.13,167.69,39,97,97,1.99
carutapera,BR,1562696058,-1.2,-46.02,82.24,77,18,7.07
marsh harbour,BS,1562696059,26.54,-77.06,83.86,76,96,17.72
ouadda,CF,1562696059,8.07,22.4,70.54,93,84,2.21
kandrian,PG,1562696059,-6.21,149.55,70.9,92,99,3.85
bulgan,MN,1562696059,48.81,103.53,58.12,89,100,2.71
lake city,US,1562695880,38.03,-107.32,69.04,18,1,7.31
corinto,CO,1562696060,3.17,-76.26,82.4,54,40,3.36
klaksvik,FO,1562696060,62.23,-6.59,51.8,76,20,20.8
natal,BR,1562696060,-5.81,-35.21,84.2,58,20,16.11
axim,GH,1562696060,4.87,-2.24,76.12,86,99,12.06
palmer,AU,1562696061,-34.85,139.16,49.71,71,0,12.75
bilibino,RU,1562696061,68.06,166.44,63.88,48,1,2.3
salalah,OM,1562696061,17.01,54.1,84.2,83,40,3.36
hami,CN,1562696061,42.84,93.51,85.12,22,88,9.95
guacimo,CO,1562696062,8.09,-76.36,84.2,74,75,0.63
arman,RU,1562696062,59.7,150.17,50.92,79,81,2.33
kamenka,MD,1562696062,48.03,28.7,62.01,59,35,6.89
seymchan,RU,1562696062,62.93,152.39,55.6,71,34,1.34
escarcega,MX,1562696063,18.61,-90.75,91.6,50,99,2.98
blagoyevo,RU,1562696063,63.37,47.92,55.6,70,36,5.5
nouadhibou,MR,1562695809,20.93,-17.03,73.4,69,0,23.04
sol-iletsk,RU,1562696063,51.16,55,75.4,37,99,3.62
devils lake,US,1562695875,48.11,-98.87,67.06,100,75,9.17
fairmount,US,1562696063,39.19,-94.94,88.63,55,40,13.87
petropavlovsk-kamchatskiy,RU,1562696064,53.05,158.65,48.2,100,100,3.29
diffa,NE,1562695987,13.32,12.61,89.26,45,82,11.77
keti bandar,PK,1562696064,24.14,67.45,83.32,83,100,23.78
nerchinskiy zavod,RU,1562696064,51.31,119.61,56.5,76,26,1.1
tokur,RU,1562695925,53.13,132.9,48.4,99,100,1.57
college,US,1562696065,64.86,-147.8,71.65,56,40,2.44
bela,PK,1562696065,26.23,66.31,82.42,61,13,4.52
tingo maria,PE,1562696065,-9.29,-76.01,79.88,74,75,9.01
hauterive,CA,1562696065,49.18,-68.27,67.21,43,75,10.29
jalu,LY,1562696066,29.03,21.55,88.18,17,0,2.17
charters towers,AU,1562696066,-20.07,146.27,62.8,89,94,3.42
nishihara,JP,1562696066,35.74,139.53,65.91,82,40,9.17
jogindarnagar,IN,1562696066,31.98,76.77,77.56,73,16,3.67
faya,SA,1562696067,18.39,42.45,77.07,38,20,10.29
petropavlovka,RU,1562696067,50.61,105.32,55.78,87,100,3.51
praia,BR,1562696067,-20.25,-43.81,69.84,43,0,5.82
mana,NG,1562696067,13.03,5.27,84.22,58,100,9.71
chiang klang,TH,1562696068,19.29,100.86,69.82,95,100,2.77
sampiro,ID,1562696068,0.85,123.73,79.54,77,100,6.08
baruun-urt,MN,1562696068,46.68,113.28,62.26,67,13,3.33
katobu,ID,1562696068,-4.94,122.53,70.9,89,14,3.6
tigil,RU,1562696068,57.8,158.67,48.58,92,93,3.53
mecca,SA,1562696069,21.43,39.83,86.74,31,9,8.93
port-gentil,GA,1562696069,-0.72,8.78,78.8,78,20,9.17
kavieng,PG,1562696069,-2.57,150.8,80.26,78,100,9.57
kourou,GF,1562696069,5.16,-52.64,86,62,75,6.93
colchester,US,1562696070,41.58,-72.33,84.94,31,1,5.82
sandur,IQ,1562696070,36.91,43.06,80.98,20,0,3.02
cap-aux-meules,CA,1562696070,47.38,-61.86,60.8,67,20,16.11
sisimiut,GL,1562696070,66.94,-53.67,39.94,95,65,10.83
songjianghe,CN,1562696070,42.18,127.48,53.98,76,0,1.48
dovolnoye,RU,1562696071,54.5,79.67,57.76,87,100,6.33
novo aripuana,BR,1562696071,-5.12,-60.38,88.54,48,65,3.58
monrovia,LR,1562695809,6.33,-10.8,80.6,83,75,12.75
banda aceh,ID,1562696071,5.56,95.32,84.04,71,82,6.31
eldorado,BR,1562696072,-24.52,-48.11,68.2,57,2,2.75
la ronge,CA,1562696072,55.1,-105.3,66.2,59,75,11.41
ribas do rio pardo,BR,1562696072,-20.45,-53.76,79.18,32,0,7.16
xiongzhou,CN,1562696072,32.34,118.83,71.37,94,40,4.47
yuli,CN,1562696072,24.82,106.77,65.32,96,100,2.19
luderitz,NA,1562695813,-26.65,15.16,68,42,0,2.24
nkhata bay,MW,1562696073,-11.61,34.3,59.02,71,36,2.08
nizhniy kuranakh,RU,1562696073,58.84,125.49,57.4,96,41,3.04
portree,GB,1562696073,57.41,-6.19,57,97,100,7
sola,TZ,1562696073,-3.17,33.8,71.98,59,74,1.61
the valley,AI,1562696026,18.22,-63.06,86.7,66,75,17.22
hailey,US,1562696074,43.52,-114.32,66,63,20,6.93
bay roberts,CA,1562696074,47.58,-53.28,74.07,43,75,20.8
gongzhuling,CN,1562696074,43.5,124.81,70.36,76,100,2.48
gushi,CN,1562696075,32.17,115.65,66.76,94,0,4.27
dalvik,SE,1562696075,57.79,14.13,60.69,63,70,8.05
green valley,US,1562696075,40.41,-89.64,86.13,55,1,8.05
marshfield,US,1562695811,42.09,-70.71,85.73,32,1,6.93
kloulklubed,PW,1562696075,7.04,134.26,77,94,90,5.82
tura,RU,1562696076,64.27,100.22,55.42,83,59,6.91
guarapari,BR,1562696076,-20.67,-40.5,72.77,53,75,3.36
sungaipenuh,ID,1562696076,-2.08,101.38,71.98,92,93,2.71
harper,US,1562696076,30.3,-99.24,85.1,65,1,9.17
acapulco,MX,1562696077,16.86,-99.88,87.8,70,75,5.82
grindavik,IS,1562696077,63.84,-22.43,57.2,62,75,11.41
sonthofen,DE,1562696077,47.51,10.28,64.56,48,40,10.29
champerico,MX,1562696078,16.38,-93.6,82.4,65,75,4.7
akdagmadeni,TR,1562696078,39.66,35.88,63.52,78,0,6.04
birjand,IR,1562696078,32.86,59.22,86,15,0,18.34
nouna,BF,1562696079,12.73,-3.87,87.28,53,82,13.38
tabou,CI,1562696079,4.42,-7.36,75.58,78,100,6.64
yerbogachen,RU,1562696079,61.28,108.01,58.12,69,36,1.7
fare,PF,1562696079,-16.7,-151.02,76.48,77,31,16.04
karratha,AU,1562696054,-20.74,116.85,66.4,44,58,2.93
goderich,CA,1562696080,43.74,-81.71,72.99,48,6,3
rio bueno,JM,1562696080,18.47,-77.46,89.6,62,20,17.22
manzanillo,MX,1562696080,19.05,-104.32,86,74,5,9.17
roswell,US,1562696007,33.39,-104.52,95.47,14,1,8.05
otane,NZ,1562696081,-39.89,176.62,37.99,92,34,2.57
codrington,AU,1562696081,-28.95,153.24,49.19,100,90,5.82
beloha,MG,1562696081,-25.17,45.06,62.44,74,0,5.03
bordighera,IT,1562696081,43.79,7.66,78.39,88,40,11.41
billings,US,1562696081,45.79,-108.5,67.93,43,75,4.7
zhigansk,RU,1562696082,66.77,123.37,61,93,73,9.04
vicksburg,US,1562695967,32.35,-90.88,92.59,56,1,4.7
mazagao,BR,1562696082,-0.12,-51.29,87.8,66,75,9.17
benito juarez,CU,1562696082,22.29,-79.63,91.4,52,75,3.36
boende,CD,1562696082,-0.28,20.88,75.22,89,100,3.36
purulha,GT,1562696083,15.24,-90.24,80.8,50,100,4.41
loei,TH,1562696083,17.49,101.72,72.7,85,100,5.46
beringovskiy,RU,1562696083,63.05,179.32,58.3,55,0,5.08
tuburan,PH,1562696084,10.73,123.82,77,94,90,6.93
bonoua,CI,1562696084,5.27,-3.6,77,83,40,11.41
pryluky,UA,1562696084,50.6,32.39,57.04,84,17,7.18
cockburn town,TC,1562696084,21.46,-71.14,91.4,66,40,11.41
khagaria,IN,1562696085,25.51,86.48,80.98,89,100,6.93
smithers,CA,1562696085,54.78,-127.17,59,87,90,3.36
tutoia,BR,1562696085,-2.76,-42.27,93.2,52,40,12.75
catumbela,AO,1562696085,-12.43,13.55,71.6,83,90,5.82
urucara,BR,1562696085,-2.54,-57.76,89.26,52,29,4
nguru,NG,1562696086,12.88,10.45,84.76,53,98,17.67
lakes entrance,AU,1562696086,-37.88,147.99,37,94,31,8.95
trairi,BR,1562696086,-3.28,-39.27,86.74,48,23,8.57
egvekinot,RU,1562696086,66.32,-179.17,69.1,40,38,2.01
kaohsiung,TW,1562696087,22.62,120.31,81.19,89,75,6.93
vestmannaeyjar,IS,1562696038,63.44,-20.27,55.4,71,75,26.4
batagay-alyta,RU,1562695927,67.8,130.41,54.88,91,23,1.9
pully,CH,1562696087,46.51,6.66,67.69,50,40,17.22
morant bay,JM,1562695937,17.88,-76.41,86,62,20,17.22
raudeberg,NO,1562696087,61.99,5.14,61.99,67,20,6.93
usinsk,RU,1562696088,66,57.56,48.4,81,99,10.65
santa ana huista,GT,1562695811,15.68,-91.82,70.72,84,100,3.6
kenora,CA,1562696088,49.76,-94.48,71.38,73,75,3.36
dhidhdhoo,MV,1562696088,6.88,73.1,83.86,77,100,14
dudinka,RU,1562696088,69.41,86.18,48.2,87,75,11.18
hualmay,PE,1562696089,-11.1,-77.61,62.44,84,82,11.21
quatre cocos,MU,1562696089,-20.21,57.76,72.36,88,40,3.36
belaya gora,RU,1562696089,68.54,146.19,64.78,72,58,4.27
berdigestyakh,RU,1562696089,62.1,126.7,59.2,98,100,3.53
west bay,CA,1562696090,49.34,-123.21,68.31,72,90,6.93
marsa matruh,EG,1562696090,31.35,27.25,80.6,88,75,14.99
solnechnyy,RU,1562696090,50.72,136.64,57.4,96,100,1.28
vodstroy,RU,1562696091,48.84,44.56,72.64,49,0,8.95
aripuana,BR,1562696091,-9.17,-60.63,94.3,29,1,4.23
kabugao,PH,1562696091,18.02,121.18,68.74,88,100,4.07
ust-omchug,RU,1562696091,61.13,149.63,51.28,93,100,5.86
slave lake,CA,1562696092,55.28,-114.77,55.4,62,1,4.7
andros town,BS,1562696092,24.73,-77.79,88.88,66,40,13.87
sandakan,MY,1562695931,5.84,118.12,73.13,94,75,9.17
manakara,MG,1562696092,-22.14,48.01,69.1,85,61,3.36
ahuimanu,US,1562696092,21.44,-157.84,80.1,88,90,6.93
puertollano,ES,1562696093,38.69,-4.11,84.43,21,40,6.93
toccoa,US,1562696093,34.58,-83.33,82.81,70,75,5.82
husum,DE,1562696093,54.49,9.05,59.16,63,63,16.11
santa maria del oro,MX,1562696094,25.95,-105.37,77.02,41,30,5.01
sechura,PE,1562696094,-5.56,-80.82,64.78,86,85,10.29
rio gallegos,AR,1562696094,-51.62,-69.22,39.2,93,90,2.24
panhala,IN,1562696094,16.81,74.11,71.62,90,99,14.94
izhma,RU,1562696095,65.01,53.91,50.02,68,98,6.53
cherskiy,RU,1562696095,68.75,161.3,68.2,52,17,4.59
dogondoutchi,NE,1562696095,13.64,4.03,83.86,52,99,3.09
khanpur,PK,1562696095,28.65,70.66,98.8,32,2,23.24
olinda,AU,1562696095,-37.84,145.39,50.2,76,75,14.99
barkly west,ZA,1562696096,-28.54,24.52,62.6,48,0,3.36
buala,SB,1562696096,-8.15,159.59,78.28,85,100,9.82
digha,IN,1562696096,21.62,87.51,86.38,81,98,21.3
pierre,US,1562696096,44.37,-100.35,78.35,65,40,19.46
auki,NG,1562696097,12.18,6.51,74.14,85,100,4.61
anito,PH,1562696097,12.45,125.29,73.96,93,34,3.15
jimenez,PA,1562696097,8.54,-82.37,74.84,74,40,8.05
mahenge,TZ,1562696097,-8.68,36.72,72.16,65,15,3.27
grushevskaya,RU,1562696097,47.44,39.97,69.8,40,0,4.47
walsrode,DE,1562696098,52.86,9.59,61.11,51,75,9.17
emerald,AU,1562696098,-23.53,148.16,61.38,88,90,3
baiquan,CN,1562696098,47.61,126.08,65.68,92,100,7.76
eyl,SO,1562696098,7.98,49.82,79.72,68,80,25.77
taitung,TW,1562696099,22.76,121.15,64.6,82,100,8.21
aykhal,RU,1562696099,65.95,111.51,59,62,0,6.71
dedenevo,RU,1562696099,56.24,37.52,60.8,72,40,8.95
christchurch,NZ,1562695927,-43.53,172.64,41.79,93,93,3.36
peterhead,AU,1562696099,-34.83,138.5,49.71,71,0,12.75
aginskoye,RU,1562696100,51.11,114.54,57.99,78,20,1.39
okhotsk,RU,1562696100,59.36,143.24,44.8,97,100,4.9
inirida,CO,1562696100,3.87,-67.92,79.36,87,68,4.07
alice springs,AU,1562696039,-23.7,133.88,42.8,41,0,4.7
capitao poco,BR,1562696100,-1.75,-47.06,84.58,74,65,4.81
naze,NG,1562696101,5.43,7.07,74.5,89,95,3.31
rudovci,RS,1562696101,44.38,20.41,70.38,64,40,6.93
markova,RU,1562696101,52.21,104.21,64.15,82,20,4.47
saint-joseph,FR,1562696101,43.56,6.97,80.76,51,0,3.36
jinan,CN,1562696102,36.65,117.11,72.34,77,20,4.36
folsom,US,1562696102,38.68,-121.18,74.34,56,43,6.93
kuzino,RU,1562696102,57.02,59.44,59.2,75,81,3.38
guiratinga,BR,1562696102,-16.35,-53.76,89.8,21,0,3.94
maldonado,UY,1562696103,-34.91,-54.96,62.6,51,0,5.82
turtas,RU,1562696103,58.94,69.13,53.8,92,11,2.44
yakymivka,UA,1562696103,46.7,35.16,64.6,54,61,6.33
port hardy,CA,1562696103,50.7,-127.42,57.2,87,75,4.7
torva,EE,1562696103,58,25.93,56.82,82,91,11.41
dharchula,IN,1562696104,29.85,80.53,57.76,93,100,0.49
umm lajj,SA,1562696104,25.02,37.27,83.86,77,0,4.72
mayo,CA,1562696104,63.59,-135.9,66.2,39,40,8.05
jieshi,CN,1562696104,22.82,115.83,82.99,92,100,1.99
okakarara,NA,1562696105,-20.59,17.46,54.88,19,7,8.81
sarangani,PH,1562696105,5.4,125.46,80.62,74,96,1.97
sompeta,IN,1562695919,18.93,84.6,82.6,77,86,4.59
milas,TR,1562696106,37.31,27.78,85.28,54,0,10.29
kyren,RU,1562696106,51.68,102.13,46.42,89,81,1.16
aklavik,CA,1562696106,68.22,-135.01,61.92,59,40,4.7
dajabon,DO,1562696106,19.55,-71.71,93.99,58,67,7
beira,ES,1562696107,43.2,-8.36,67.69,77,40,12.75
basco,US,1562696107,40.33,-91.2,85.89,62,20,11.41
shakawe,BW,1562696107,-18.36,21.84,62.26,17,0,4.83
erenhot,CN,1562696107,43.65,111.97,70.54,51,92,11.77
yabelo,ET,1562696108,4.89,38.09,70.18,59,96,8.59
ust-ilimsk,RU,1562696108,57.96,102.73,58.3,69,17,1.54
pyshchug,RU,1562696108,58.89,45.71,51.82,98,100,11.43
talara,PE,1562696044,-4.58,-81.27,62.6,290,0,18.34
mareeba,AU,1562696108,-16.99,145.42,66.67,83,75,6.93
zhashkiv,UA,1562696109,49.25,30.1,55.42,86,50,9.17
bandarbeyla,SO,1562696109,9.49,50.81,80.8,66,10,28.1
kurilsk,RU,1562695928,45.23,147.88,45.7,92,100,14.45
puerto carreno,CO,1562696109,6.19,-67.49,80.6,83,40,8.05
lowestoft,GB,1562696110,52.48,1.75,63.93,72,40,8.05
bara,NG,1562696110,10.41,10.6,73.06,87,100,4.7
nago,IT,1562696110,45.88,10.89,71.08,78,75,11.41
kamiiso,JP,1562696110,41.82,140.65,49.48,88,8,3.22
coaraci,BR,1562696111,-14.64,-39.55,78.8,57,40,18.34
gubkinskiy,RU,1562696111,64.43,76.5,53.26,59,100,9.57
koran,BA,1562696111,43.81,18.57,64.18,100,75,5.82
sao joao da barra,BR,1562696111,-21.64,-41.05,73.4,49,75,11.41
port said,EG,1562696111,25.34,30.55,92.32,14,0,11.97
paulo ramos,BR,1562696112,-4.45,-45.24,84.4,57,3,5.44
palauig,PH,1562696112,15.44,119.9,84.04,78,58,13.78
santiago,PH,1562696112,16.69,121.54,72.7,90,90,3.56
pangkalanbuun,ID,1562696112,-2.68,111.62,70.36,98,68,1.57
golden,US,1562696003,39.76,-105.22,82.76,23,1,11.41
bassila,BJ,1562696113,9,1.66,72.7,95,100,2.64
russell,US,1562696113,38.9,-98.86,83.25,65,1,8.05
santa cruz cabralia,BR,1562696113,-16.28,-39.02,75.2,53,20,8.05
prince rupert,CA,1562696114,54.32,-130.32,57.2,93,90,5.82
bartow,DE,1562696114,53.82,13.35,65.35,61,33,5.01
comodoro rivadavia,AR,1562696114,-45.87,-67.48,55.4,71,0,4.7
sandwick,GB,1562696114,54.57,-2.89,60.48,100,100,14.99
san jose,HN,1562696114,14.25,-87.96,87.8,52,20,3.49
teknaf,BD,1562696115,20.86,92.31,85.12,81,100,20.69
yichang,CN,1562696115,30.77,111.32,61.54,88,16,3.02
karema,TZ,1562696115,-6.82,30.44,75.76,68,34,3.53
rio grande,BR,1562695911,-32.03,-52.1,64.4,59,20,8.05
palestina,CO,1562695951,1.72,-76.13,67.66,77,31,3.29
caravelas,BR,1562696116,-17.73,-39.27,71.26,65,70,9.69
kupang,ID,1562696116,-10.16,123.6,73.4,78,0,9.17
pervomayskiy,RU,1562696116,53.24,40.29,58.48,86,92,8.34
kiruna,SE,1562696117,67.86,20.23,66.2,32,66,11.41
kishapu,TZ,1562696117,-3.61,33.87,77.56,41,96,8.3
eureka,US,1562695998,40.8,-124.16,66.34,68,1,3.36
esplanada,BR,1562696117,-15.81,-43.31,81.16,24,0,9.15
preobrazheniye,RU,1562696117,42.9,133.91,53.26,97,14,2.86
lima,PE,1562695880,-12.06,-77.04,64.4,77,90,6.93
baisha,CN,1562696118,19.23,109.45,84.4,68,100,19.28
severobaykalsk,RU,1562696118,55.65,109.32,52,76,13,2.33
nuqui,CO,1562696118,5.71,-77.27,82.4,74,75,2.24
dmanisi,GE,1562696118,41.33,44.2,51.28,83,0,10.47
galle,GN,1562696119,10.08,-12.83,74.14,91,88,7.2
ufa,RU,1562696119,54.73,55.95,66.52,77,75,4.47
kutum,SD,1562696119,14.2,24.66,84.76,38,49,3.2
green river,US,1562696119,41.53,-109.47,73.17,26,1,18.34
tabat,ID,1562696119,-2.64,115.23,73.96,89,59,3.29
ewa beach,US,1562696120,21.32,-158.01,80.06,78,75,10.29
hearst,CA,1562696120,49.69,-83.67,85.3,35,84,7.49
kirovskiy,RU,1562696120,45.09,133.51,58.3,94,15,1.12
priargunsk,RU,1562696120,50.37,119.09,65.86,57,77,1.19
finschhafen,PG,1562696121,-6.6,147.85,60.46,94,68,3.87
sao felix do xingu,BR,1562695938,-6.64,-51.99,88,49,13,8.01
samarai,PG,1562696121,-10.62,150.67,70.36,90,96,4.97
sabha,LY,1562696122,27.03,14.43,94.66,6,0,8.19
sovetskaya gavan,RU,1562695928,48.97,140.29,50.02,89,92,3.56
shar,NG,1562696122,7.3,8.73,72.88,96,97,1.03
ust-nera,RU,1562696122,64.57,143.24,52.36,90,100,3.04
seydi,NE,1562696122,13.34,7.75,87.8,62,40,9.17
baldone,LV,1562696123,56.74,24.39,57.76,82,75,11.41
terrace,CA,1562696123,54.52,-128.61,66.36,88,90,3.36
whitehorse,CA,1562696123,60.72,-135.06,63.93,51,90,3.36
kalabo,ZM,1562696123,-15,22.67,63.52,17,28,3.69
kasongo-lunda,CD,1562696124,-6.48,16.82,70.54,25,58,2.93
dali,CN,1562696124,34.79,109.94,69.82,52,74,1.74
madang,CN,1562696124,35.32,102.79,34.9,96,49,2.04
kirakira,SB,1562696124,-10.46,161.92,78.28,83,54,18.01
marzuq,YE,1562696125,14.4,46.47,85.84,27,98,4.5
